INSERT INTO EShopdb.tb_address (address_id, user_id, address_name, address, phone_number) VALUES (1, 1, '老王', '地球', 1345648979);
INSERT INTO EShopdb.tb_address (address_id, user_id, address_name, address, phone_number) VALUES (2, 1, '王八', '地球', 2132456749);
INSERT INTO EShopdb.tb_address (address_id, user_id, address_name, address, phone_number) VALUES (3, 1, '小六', '西游世界', 1234654565);
INSERT INTO EShopdb.tb_address (address_id, user_id, address_name, address, phone_number) VALUES (5, 1, '你', '你那里', 789786787);
INSERT INTO EShopdb.tb_order (order_id, order_date, user_id, order_send_type, flag, adress_id) VALUES (12, '2019-01-06 21:09:56', 1, '快递', 2, 1);
INSERT INTO EShopdb.tb_order (order_id, order_date, user_id, order_send_type, flag, adress_id) VALUES (13, '2019-01-06 21:09:30', 1, '快递', 1, 1);
INSERT INTO EShopdb.tb_order (order_id, order_date, user_id, order_send_type, flag, adress_id) VALUES (14, '2019-01-06 21:09:56', 1, '快递', 2, 1);
INSERT INTO EShopdb.tb_order (order_id, order_date, user_id, order_send_type, flag, adress_id) VALUES (15, '2019-01-06 21:09:32', 1, '快递', 1, 1);
INSERT INTO EShopdb.tb_order (order_id, order_date, user_id, order_send_type, flag, adress_id) VALUES (16, '2019-01-05 22:52:05', 1, '快递', 1, 1);
INSERT INTO EShopdb.tb_order (order_id, order_date, user_id, order_send_type, flag, adress_id) VALUES (17, '2019-01-05 22:52:05', 1, '快递', 1, 1);
INSERT INTO EShopdb.tb_order (order_id, order_date, user_id, order_send_type, flag, adress_id) VALUES (18, '2019-01-05 23:19:08', 1, '快递', 1, 1);
INSERT INTO EShopdb.tb_order (order_id, order_date, user_id, order_send_type, flag, adress_id) VALUES (19, '2019-01-05 23:19:08', 1, '快递', 1, 1);
INSERT INTO EShopdb.tb_order (order_id, order_date, user_id, order_send_type, flag, adress_id) VALUES (20, '2019-01-06 21:09:33', 1, '快递', 1, 1);
INSERT INTO EShopdb.tb_order (order_id, order_date, user_id, order_send_type, flag, adress_id) VALUES (21, '2019-01-06 21:09:54', 1, '快递', 3, 1);
INSERT INTO EShopdb.tb_order (order_id, order_date, user_id, order_send_type, flag, adress_id) VALUES (22, '2019-01-05 23:19:11', 1, '快递', 1, 1);
INSERT INTO EShopdb.tb_order (order_id, order_date, user_id, order_send_type, flag, adress_id) VALUES (23, '2019-01-06 21:09:36', 1, '快递', 1, 1);
INSERT INTO EShopdb.tb_order (order_id, order_date, user_id, order_send_type, flag, adress_id) VALUES (24, '2019-01-05 23:53:58', 1, '快递', 1, 1);
INSERT INTO EShopdb.tb_order (order_id, order_date, user_id, order_send_type, flag, adress_id) VALUES (25, '2019-01-06 21:09:52', 1, '快递', 2, 1);
INSERT INTO EShopdb.tb_order (order_id, order_date, user_id, order_send_type, flag, adress_id) VALUES (26, '2019-01-06 21:09:50', 1, '快递', 2, 1);
INSERT INTO EShopdb.tb_order (order_id, order_date, user_id, order_send_type, flag, adress_id) VALUES (27, '2019-01-05 23:54:00', 1, '快递', 1, 1);
INSERT INTO EShopdb.tb_order (order_id, order_date, user_id, order_send_type, flag, adress_id) VALUES (28, '2019-01-05 23:56:09', 1, '快递', 1, 1);
INSERT INTO EShopdb.tb_order (order_id, order_date, user_id, order_send_type, flag, adress_id) VALUES (29, '2019-01-06 21:09:50', 1, '快递', 3, 1);
INSERT INTO EShopdb.tb_order (order_id, order_date, user_id, order_send_type, flag, adress_id) VALUES (30, '2019-01-06 21:10:02', 1, '快递', 2, 1);
INSERT INTO EShopdb.tb_order (order_id, order_date, user_id, order_send_type, flag, adress_id) VALUES (31, '2019-01-05 23:56:13', 1, '快递', 1, 1);
INSERT INTO EShopdb.tb_order (order_id, order_date, user_id, order_send_type, flag, adress_id) VALUES (32, '2019-01-06 21:09:39', 1, '快递', 1, 1);
INSERT INTO EShopdb.tb_order (order_id, order_date, user_id, order_send_type, flag, adress_id) VALUES (33, '2019-01-06 21:09:38', 1, '快递', 1, 1);
INSERT INTO EShopdb.tb_order (order_id, order_date, user_id, order_send_type, flag, adress_id) VALUES (34, '2019-01-06 21:09:49', 1, '快递', 2, 1);
INSERT INTO EShopdb.tb_order (order_id, order_date, user_id, order_send_type, flag, adress_id) VALUES (35, '2019-01-06 21:10:00', 1, '快递', 2, 1);
INSERT INTO EShopdb.tb_order (order_id, order_date, user_id, order_send_type, flag, adress_id) VALUES (36, '2019-01-06 00:02:42', 1, '快递', 1, 1);
INSERT INTO EShopdb.tb_order (order_id, order_date, user_id, order_send_type, flag, adress_id) VALUES (37, '2019-01-06 00:02:42', 1, '快递', 1, 1);
INSERT INTO EShopdb.tb_order (order_id, order_date, user_id, order_send_type, flag, adress_id) VALUES (38, '2019-01-06 21:10:03', 1, '快递', 2, 1);
INSERT INTO EShopdb.tb_order (order_id, order_date, user_id, order_send_type, flag, adress_id) VALUES (39, '2019-01-06 00:41:37', 1, '快递', 1, 1);
INSERT INTO EShopdb.tb_order (order_id, order_date, user_id, order_send_type, flag, adress_id) VALUES (40, '2019-01-06 21:10:04', 1, '快递', 3, 1);
INSERT INTO EShopdb.tb_order (order_id, order_date, user_id, order_send_type, flag, adress_id) VALUES (41, '2019-01-06 00:41:37', 1, '快递', 1, 1);
INSERT INTO EShopdb.tb_order (order_id, order_date, user_id, order_send_type, flag, adress_id) VALUES (42, '2019-01-06 00:41:39', 1, '快递', 1, 1);
INSERT INTO EShopdb.tb_order (order_id, order_date, user_id, order_send_type, flag, adress_id) VALUES (43, '2019-01-06 21:09:49', 1, '快递', 2, 1);
INSERT INTO EShopdb.tb_order (order_id, order_date, user_id, order_send_type, flag, adress_id) VALUES (44, '2019-01-06 21:09:42', 1, '快递', 1, 1);
INSERT INTO EShopdb.tb_order (order_id, order_date, user_id, order_send_type, flag, adress_id) VALUES (45, '2019-01-06 00:47:01', 1, '快递', 1, 1);
INSERT INTO EShopdb.tb_order (order_id, order_date, user_id, order_send_type, flag, adress_id) VALUES (46, '2019-01-06 21:09:42', 1, '快递', 1, 1);
INSERT INTO EShopdb.tb_order (order_id, order_date, user_id, order_send_type, flag, adress_id) VALUES (47, '2019-01-06 21:09:43', 1, '快递', 1, 1);
INSERT INTO EShopdb.tb_order (order_id, order_date, user_id, order_send_type, flag, adress_id) VALUES (48, '2019-01-06 00:47:02', 1, '快递', 1, 1);
INSERT INTO EShopdb.tb_order (order_id, order_date, user_id, order_send_type, flag, adress_id) VALUES (49, '2019-01-06 21:10:06', 1, '快递', 1, 1);
INSERT INTO EShopdb.tb_order (order_id, order_date, user_id, order_send_type, flag, adress_id) VALUES (50, '2019-01-06 21:09:45', 1, '快递', 0, 1);
INSERT INTO EShopdb.tb_order (order_id, order_date, user_id, order_send_type, flag, adress_id) VALUES (51, '2019-01-06 00:47:03', 1, '快递', 0, 1);
INSERT INTO EShopdb.tb_order (order_id, order_date, user_id, order_send_type, flag, adress_id) VALUES (52, '2019-01-06 21:10:06', 1, '快递', 1, 1);
INSERT INTO EShopdb.tb_order (order_id, order_date, user_id, order_send_type, flag, adress_id) VALUES (53, '2019-01-06 02:36:39', 1, '快递', 0, 1);
INSERT INTO EShopdb.tb_order (order_id, order_date, user_id, order_send_type, flag, adress_id) VALUES (54, '2019-01-06 21:09:47', 1, '快递', 0, 1);
INSERT INTO EShopdb.tb_order (order_id, order_date, user_id, order_send_type, flag, adress_id) VALUES (55, '2019-01-06 02:53:08', 1, '快递', 0, 1);
INSERT INTO EShopdb.tb_order (order_id, order_date, user_id, order_send_type, flag, adress_id) VALUES (56, '2019-01-06 03:09:32', 1, '快递', 0, 1);
INSERT INTO EShopdb.tb_order (order_id, order_date, user_id, order_send_type, flag, adress_id) VALUES (57, '2019-01-06 21:28:08', 1, '快递', 0, 1);
INSERT INTO EShopdb.tb_order (order_id, order_date, user_id, order_send_type, flag, adress_id) VALUES (58, '2019-01-06 21:28:08', 1, '快递', 0, 1);
INSERT INTO EShopdb.tb_order (order_id, order_date, user_id, order_send_type, flag, adress_id) VALUES (59, '2019-01-06 21:28:09', 1, '快递', 0, 1);
INSERT INTO EShopdb.tb_order (order_id, order_date, user_id, order_send_type, flag, adress_id) VALUES (63, '2019-01-08 02:42:45', 1, '快递', 1, 1);
INSERT INTO EShopdb.tb_order (order_id, order_date, user_id, order_send_type, flag, adress_id) VALUES (64, '2019-01-08 18:07:22', 1, '快递', 1, 1);
INSERT INTO EShopdb.tb_order (order_id, order_date, user_id, order_send_type, flag, adress_id) VALUES (65, '2019-01-09 03:35:03', 1, '快递', 1, 1);
INSERT INTO EShopdb.tb_order (order_id, order_date, user_id, order_send_type, flag, adress_id) VALUES (66, '2019-01-09 03:35:04', 1, '快递', 1, 1);
INSERT INTO EShopdb.tb_order (order_id, order_date, user_id, order_send_type, flag, adress_id) VALUES (67, '2019-01-10 01:22:31', 1, '快递', 1, 1);
INSERT INTO EShopdb.tb_order (order_id, order_date, user_id, order_send_type, flag, adress_id) VALUES (68, '2019-01-10 01:22:31', 1, '快递', 1, 1);
INSERT INTO EShopdb.tb_order (order_id, order_date, user_id, order_send_type, flag, adress_id) VALUES (69, '2019-01-10 01:22:31', 1, '快递', 1, 1);
INSERT INTO EShopdb.tb_order (order_id, order_date, user_id, order_send_type, flag, adress_id) VALUES (70, '2019-01-10 01:22:31', 1, '快递', 1, 1);
INSERT INTO EShopdb.tb_order (order_id, order_date, user_id, order_send_type, flag, adress_id) VALUES (71, '2019-01-10 01:22:32', 1, '快递', 1, 1);
INSERT INTO EShopdb.tb_order (order_id, order_date, user_id, order_send_type, flag, adress_id) VALUES (72, '2019-01-10 01:22:32', 1, '快递', 1, 1);
INSERT INTO EShopdb.tb_order (order_id, order_date, user_id, order_send_type, flag, adress_id) VALUES (73, '2019-01-10 01:22:32', 1, '快递', 1, 1);
INSERT INTO EShopdb.tb_order (order_id, order_date, user_id, order_send_type, flag, adress_id) VALUES (74, '2019-01-10 01:22:32', 1, '快递', 1, 1);
INSERT INTO EShopdb.tb_order (order_id, order_date, user_id, order_send_type, flag, adress_id) VALUES (75, '2019-01-10 01:22:32', 1, '快递', 1, 1);
INSERT INTO EShopdb.tb_order (order_id, order_date, user_id, order_send_type, flag, adress_id) VALUES (76, '2019-01-10 01:24:52', 1, '快递', 1, 1);
INSERT INTO EShopdb.tb_order (order_id, order_date, user_id, order_send_type, flag, adress_id) VALUES (77, '2019-01-10 01:24:52', 1, '快递', 1, 1);
INSERT INTO EShopdb.tb_order (order_id, order_date, user_id, order_send_type, flag, adress_id) VALUES (78, '2019-01-10 01:24:52', 1, '快递', 1, 1);
INSERT INTO EShopdb.tb_order (order_id, order_date, user_id, order_send_type, flag, adress_id) VALUES (79, '2019-01-10 01:24:53', 1, '快递', 1, 1);
INSERT INTO EShopdb.tb_order (order_id, order_date, user_id, order_send_type, flag, adress_id) VALUES (80, '2019-01-10 01:24:53', 1, '快递', 1, 1);
INSERT INTO EShopdb.tb_order (order_id, order_date, user_id, order_send_type, flag, adress_id) VALUES (81, '2019-01-10 01:24:53', 1, '快递', 1, 1);
INSERT INTO EShopdb.tb_order (order_id, order_date, user_id, order_send_type, flag, adress_id) VALUES (82, '2019-01-10 01:24:53', 1, '快递', 1, 1);
INSERT INTO EShopdb.tb_order (order_id, order_date, user_id, order_send_type, flag, adress_id) VALUES (83, '2019-01-10 01:24:53', 1, '快递', 1, 1);
INSERT INTO EShopdb.tb_order (order_id, order_date, user_id, order_send_type, flag, adress_id) VALUES (84, '2019-01-10 01:24:53', 1, '快递', 1, 1);
INSERT INTO EShopdb.tb_order (order_id, order_date, user_id, order_send_type, flag, adress_id) VALUES (85, '2019-01-10 01:24:53', 1, '快递', 1, 1);
INSERT INTO EShopdb.tb_order (order_id, order_date, user_id, order_send_type, flag, adress_id) VALUES (86, '2019-01-10 01:24:54', 1, '快递', 1, 1);
INSERT INTO EShopdb.tb_order (order_id, order_date, user_id, order_send_type, flag, adress_id) VALUES (87, '2019-01-10 01:31:45', 1, '快递', 1, 1);
INSERT INTO EShopdb.tb_order (order_id, order_date, user_id, order_send_type, flag, adress_id) VALUES (90, '2019-01-10 01:31:46', 1, '快递', 1, 1);
INSERT INTO EShopdb.tb_order (order_id, order_date, user_id, order_send_type, flag, adress_id) VALUES (91, '2019-01-10 01:31:46', 1, '快递', 1, 1);
INSERT INTO EShopdb.tb_order (order_id, order_date, user_id, order_send_type, flag, adress_id) VALUES (92, '2019-01-10 01:31:46', 1, '快递', 1, 1);
INSERT INTO EShopdb.tb_order (order_id, order_date, user_id, order_send_type, flag, adress_id) VALUES (93, '2019-01-10 01:31:46', 1, '快递', 1, 1);
INSERT INTO EShopdb.tb_order (order_id, order_date, user_id, order_send_type, flag, adress_id) VALUES (94, '2019-01-10 01:31:46', 1, '快递', 1, 1);
INSERT INTO EShopdb.tb_order (order_id, order_date, user_id, order_send_type, flag, adress_id) VALUES (95, '2019-01-10 01:31:47', 1, '快递', 1, 1);
INSERT INTO EShopdb.tb_order (order_id, order_date, user_id, order_send_type, flag, adress_id) VALUES (96, '2019-01-10 01:31:47', 1, '快递', 1, 1);
INSERT INTO EShopdb.tb_order (order_id, order_date, user_id, order_send_type, flag, adress_id) VALUES (98, '2019-01-10 01:31:47', 1, '快递', 1, 1);
INSERT INTO EShopdb.tb_order (order_id, order_date, user_id, order_send_type, flag, adress_id) VALUES (100, '2019-01-10 18:21:47', 1, '快递', 1, 1);
INSERT INTO EShopdb.tb_order (order_id, order_date, user_id, order_send_type, flag, adress_id) VALUES (101, '2019-01-10 18:26:43', 1, '快递', 1, 1);
INSERT INTO EShopdb.tb_order (order_id, order_date, user_id, order_send_type, flag, adress_id) VALUES (105, '2019-01-10 20:51:58', 1, '快递', 1, 1);
INSERT INTO EShopdb.tb_order (order_id, order_date, user_id, order_send_type, flag, adress_id) VALUES (106, '2019-01-11 09:17:55', 1, '快递', 1, 1);
INSERT INTO EShopdb.tb_order (order_id, order_date, user_id, order_send_type, flag, adress_id) VALUES (110, '2019-01-11 13:00:01', 1, '快递', 1, 1);
INSERT INTO EShopdb.tb_order (order_id, order_date, user_id, order_send_type, flag, adress_id) VALUES (111, '2019-01-14 16:09:21', 1, '快递', 1, 1);
INSERT INTO EShopdb.tb_order (order_id, order_date, user_id, order_send_type, flag, adress_id) VALUES (114, '2019-01-14 16:10:06', 1, '快递', 1, 1);
INSERT INTO EShopdb.tb_order_detail (order_detail_id, order_id, product_id, product_number) VALUES (6, 12, 1, 1);
INSERT INTO EShopdb.tb_order_detail (order_detail_id, order_id, product_id, product_number) VALUES (7, 13, 1, 1);
INSERT INTO EShopdb.tb_order_detail (order_detail_id, order_id, product_id, product_number) VALUES (8, 14, 1, 1);
INSERT INTO EShopdb.tb_order_detail (order_detail_id, order_id, product_id, product_number) VALUES (9, 15, 1, 1);
INSERT INTO EShopdb.tb_order_detail (order_detail_id, order_id, product_id, product_number) VALUES (10, 16, 1, 1);
INSERT INTO EShopdb.tb_order_detail (order_detail_id, order_id, product_id, product_number) VALUES (11, 17, 1, 1);
INSERT INTO EShopdb.tb_order_detail (order_detail_id, order_id, product_id, product_number) VALUES (12, 18, 1, 1);
INSERT INTO EShopdb.tb_order_detail (order_detail_id, order_id, product_id, product_number) VALUES (13, 19, 1, 1);
INSERT INTO EShopdb.tb_order_detail (order_detail_id, order_id, product_id, product_number) VALUES (14, 20, 1, 1);
INSERT INTO EShopdb.tb_order_detail (order_detail_id, order_id, product_id, product_number) VALUES (15, 21, 1, 1);
INSERT INTO EShopdb.tb_order_detail (order_detail_id, order_id, product_id, product_number) VALUES (16, 22, 1, 1);
INSERT INTO EShopdb.tb_order_detail (order_detail_id, order_id, product_id, product_number) VALUES (17, 23, 1, 1);
INSERT INTO EShopdb.tb_order_detail (order_detail_id, order_id, product_id, product_number) VALUES (18, 24, 1, 1);
INSERT INTO EShopdb.tb_order_detail (order_detail_id, order_id, product_id, product_number) VALUES (19, 25, 1, 1);
INSERT INTO EShopdb.tb_order_detail (order_detail_id, order_id, product_id, product_number) VALUES (20, 26, 1, 1);
INSERT INTO EShopdb.tb_order_detail (order_detail_id, order_id, product_id, product_number) VALUES (21, 27, 1, 1);
INSERT INTO EShopdb.tb_order_detail (order_detail_id, order_id, product_id, product_number) VALUES (22, 28, 1, 1);
INSERT INTO EShopdb.tb_order_detail (order_detail_id, order_id, product_id, product_number) VALUES (23, 29, 1, 1);
INSERT INTO EShopdb.tb_order_detail (order_detail_id, order_id, product_id, product_number) VALUES (24, 30, 1, 1);
INSERT INTO EShopdb.tb_order_detail (order_detail_id, order_id, product_id, product_number) VALUES (25, 31, 1, 1);
INSERT INTO EShopdb.tb_order_detail (order_detail_id, order_id, product_id, product_number) VALUES (26, 32, 1, 1);
INSERT INTO EShopdb.tb_order_detail (order_detail_id, order_id, product_id, product_number) VALUES (27, 33, 1, 1);
INSERT INTO EShopdb.tb_order_detail (order_detail_id, order_id, product_id, product_number) VALUES (28, 34, 1, 1);
INSERT INTO EShopdb.tb_order_detail (order_detail_id, order_id, product_id, product_number) VALUES (29, 35, 1, 1);
INSERT INTO EShopdb.tb_order_detail (order_detail_id, order_id, product_id, product_number) VALUES (30, 36, 1, 1);
INSERT INTO EShopdb.tb_order_detail (order_detail_id, order_id, product_id, product_number) VALUES (31, 37, 1, 1);
INSERT INTO EShopdb.tb_order_detail (order_detail_id, order_id, product_id, product_number) VALUES (32, 38, 1, 1);
INSERT INTO EShopdb.tb_order_detail (order_detail_id, order_id, product_id, product_number) VALUES (33, 39, 1, 1);
INSERT INTO EShopdb.tb_order_detail (order_detail_id, order_id, product_id, product_number) VALUES (34, 40, 1, 1);
INSERT INTO EShopdb.tb_order_detail (order_detail_id, order_id, product_id, product_number) VALUES (35, 41, 1, 1);
INSERT INTO EShopdb.tb_order_detail (order_detail_id, order_id, product_id, product_number) VALUES (36, 42, 1, 1);
INSERT INTO EShopdb.tb_order_detail (order_detail_id, order_id, product_id, product_number) VALUES (37, 43, 1, 1);
INSERT INTO EShopdb.tb_order_detail (order_detail_id, order_id, product_id, product_number) VALUES (38, 44, 1, 1);
INSERT INTO EShopdb.tb_order_detail (order_detail_id, order_id, product_id, product_number) VALUES (39, 45, 1, 1);
INSERT INTO EShopdb.tb_order_detail (order_detail_id, order_id, product_id, product_number) VALUES (40, 46, 1, 3);
INSERT INTO EShopdb.tb_order_detail (order_detail_id, order_id, product_id, product_number) VALUES (41, 47, 1, 2);
INSERT INTO EShopdb.tb_order_detail (order_detail_id, order_id, product_id, product_number) VALUES (42, 48, 1, 3);
INSERT INTO EShopdb.tb_order_detail (order_detail_id, order_id, product_id, product_number) VALUES (43, 49, 1, 1);
INSERT INTO EShopdb.tb_order_detail (order_detail_id, order_id, product_id, product_number) VALUES (44, 50, 1, 1);
INSERT INTO EShopdb.tb_order_detail (order_detail_id, order_id, product_id, product_number) VALUES (45, 51, 1, 1);
INSERT INTO EShopdb.tb_order_detail (order_detail_id, order_id, product_id, product_number) VALUES (46, 52, 1, 1);
INSERT INTO EShopdb.tb_order_detail (order_detail_id, order_id, product_id, product_number) VALUES (47, 53, 1, 1);
INSERT INTO EShopdb.tb_order_detail (order_detail_id, order_id, product_id, product_number) VALUES (48, 54, 1, 1);
INSERT INTO EShopdb.tb_order_detail (order_detail_id, order_id, product_id, product_number) VALUES (49, 55, 1, 1);
INSERT INTO EShopdb.tb_order_detail (order_detail_id, order_id, product_id, product_number) VALUES (50, 56, 1, 1);
INSERT INTO EShopdb.tb_order_detail (order_detail_id, order_id, product_id, product_number) VALUES (51, 57, 1, 1);
INSERT INTO EShopdb.tb_order_detail (order_detail_id, order_id, product_id, product_number) VALUES (52, 58, 1, 1);
INSERT INTO EShopdb.tb_order_detail (order_detail_id, order_id, product_id, product_number) VALUES (53, 59, 1, 1);
INSERT INTO EShopdb.tb_order_detail (order_detail_id, order_id, product_id, product_number) VALUES (57, 63, 2, 1);
INSERT INTO EShopdb.tb_order_detail (order_detail_id, order_id, product_id, product_number) VALUES (58, 64, 1, 1);
INSERT INTO EShopdb.tb_order_detail (order_detail_id, order_id, product_id, product_number) VALUES (59, 65, 1, 1);
INSERT INTO EShopdb.tb_order_detail (order_detail_id, order_id, product_id, product_number) VALUES (60, 66, 1, 1);
INSERT INTO EShopdb.tb_order_detail (order_detail_id, order_id, product_id, product_number) VALUES (61, 67, 1, 1);
INSERT INTO EShopdb.tb_order_detail (order_detail_id, order_id, product_id, product_number) VALUES (62, 68, 1, 1);
INSERT INTO EShopdb.tb_order_detail (order_detail_id, order_id, product_id, product_number) VALUES (63, 69, 1, 1);
INSERT INTO EShopdb.tb_order_detail (order_detail_id, order_id, product_id, product_number) VALUES (64, 70, 1, 1);
INSERT INTO EShopdb.tb_order_detail (order_detail_id, order_id, product_id, product_number) VALUES (65, 71, 1, 1);
INSERT INTO EShopdb.tb_order_detail (order_detail_id, order_id, product_id, product_number) VALUES (66, 72, 1, 1);
INSERT INTO EShopdb.tb_order_detail (order_detail_id, order_id, product_id, product_number) VALUES (67, 73, 1, 1);
INSERT INTO EShopdb.tb_order_detail (order_detail_id, order_id, product_id, product_number) VALUES (68, 74, 1, 1);
INSERT INTO EShopdb.tb_order_detail (order_detail_id, order_id, product_id, product_number) VALUES (69, 75, 1, 1);
INSERT INTO EShopdb.tb_order_detail (order_detail_id, order_id, product_id, product_number) VALUES (70, 76, 1, 1);
INSERT INTO EShopdb.tb_order_detail (order_detail_id, order_id, product_id, product_number) VALUES (71, 77, 1, 1);
INSERT INTO EShopdb.tb_order_detail (order_detail_id, order_id, product_id, product_number) VALUES (72, 78, 1, 1);
INSERT INTO EShopdb.tb_order_detail (order_detail_id, order_id, product_id, product_number) VALUES (73, 79, 1, 1);
INSERT INTO EShopdb.tb_order_detail (order_detail_id, order_id, product_id, product_number) VALUES (74, 80, 1, 1);
INSERT INTO EShopdb.tb_order_detail (order_detail_id, order_id, product_id, product_number) VALUES (75, 81, 1, 1);
INSERT INTO EShopdb.tb_order_detail (order_detail_id, order_id, product_id, product_number) VALUES (76, 82, 1, 1);
INSERT INTO EShopdb.tb_order_detail (order_detail_id, order_id, product_id, product_number) VALUES (77, 83, 1, 1);
INSERT INTO EShopdb.tb_order_detail (order_detail_id, order_id, product_id, product_number) VALUES (78, 84, 1, 1);
INSERT INTO EShopdb.tb_order_detail (order_detail_id, order_id, product_id, product_number) VALUES (79, 85, 1, 1);
INSERT INTO EShopdb.tb_order_detail (order_detail_id, order_id, product_id, product_number) VALUES (80, 86, 1, 1);
INSERT INTO EShopdb.tb_order_detail (order_detail_id, order_id, product_id, product_number) VALUES (81, 87, 1, 1);
INSERT INTO EShopdb.tb_order_detail (order_detail_id, order_id, product_id, product_number) VALUES (84, 90, 1, 1);
INSERT INTO EShopdb.tb_order_detail (order_detail_id, order_id, product_id, product_number) VALUES (85, 91, 1, 1);
INSERT INTO EShopdb.tb_order_detail (order_detail_id, order_id, product_id, product_number) VALUES (86, 92, 1, 1);
INSERT INTO EShopdb.tb_order_detail (order_detail_id, order_id, product_id, product_number) VALUES (87, 93, 1, 1);
INSERT INTO EShopdb.tb_order_detail (order_detail_id, order_id, product_id, product_number) VALUES (88, 94, 1, 1);
INSERT INTO EShopdb.tb_order_detail (order_detail_id, order_id, product_id, product_number) VALUES (89, 95, 1, 1);
INSERT INTO EShopdb.tb_order_detail (order_detail_id, order_id, product_id, product_number) VALUES (90, 96, 1, 1);
INSERT INTO EShopdb.tb_order_detail (order_detail_id, order_id, product_id, product_number) VALUES (92, 98, 1, 1);
INSERT INTO EShopdb.tb_order_detail (order_detail_id, order_id, product_id, product_number) VALUES (94, 100, 1, 1);
INSERT INTO EShopdb.tb_order_detail (order_detail_id, order_id, product_id, product_number) VALUES (95, 101, 18, 1);
INSERT INTO EShopdb.tb_order_detail (order_detail_id, order_id, product_id, product_number) VALUES (99, 105, 2, 1);
INSERT INTO EShopdb.tb_order_detail (order_detail_id, order_id, product_id, product_number) VALUES (100, 106, 1, 19);
INSERT INTO EShopdb.tb_order_detail (order_detail_id, order_id, product_id, product_number) VALUES (104, 110, 21, 17);
INSERT INTO EShopdb.tb_order_detail (order_detail_id, order_id, product_id, product_number) VALUES (105, 111, 22, 1);
INSERT INTO EShopdb.tb_order_detail (order_detail_id, order_id, product_id, product_number) VALUES (108, 114, 23, 1);
INSERT INTO EShopdb.tb_product (product_id, product_type_id, product_name, old_product_price, new_product_price, product_spec, product_size, product_flag, product_broad, product_stock, product_pic, product_remain_time) VALUES (1, 6, '小羊倌1段婴儿配方奶粉', null, 328, '<p>本品根据0&mdash;6个月宝宝的营养需求，以秦岭北麓高山天然牧养的莎能奶山羊的鲜奶为奶源，在100%纯鲜奶中添加了牛磺酸、胆碱、DHA（又名脑黄金）、ARA、核苷酸、复合益生元，可提高宝宝对钙的吸收和促进大脑发育、对神经传导和视觉机能的完善有良好的作用，有利于宝宝肠道有益菌群生长，促进细胞免疫活力，增强肌体抗病能力。</p>', '900克/罐 6罐/件 5400克/件', 1, '0', 123099, 'img/product/1387931243470.jpg', '2019-01-11 17:00:00');
INSERT INTO EShopdb.tb_product (product_id, product_type_id, product_name, old_product_price, new_product_price, product_spec, product_size, product_flag, product_broad, product_stock, product_pic, product_remain_time) VALUES (2, 6, '小羊倌2段婴儿配方奶粉', 1, 318, '<p>&nbsp;<span style="line-height: 20pt; text-indent: 24pt; font-family: 宋体; font-size: 12pt">本品根据</span><span lang="EN-US" style="line-height: 20pt; text-indent: 24pt; font-size: 12pt">6</span><span style="line-height: 20pt; text-indent: 24pt; font-family: 宋体; font-size: 12pt">&mdash;</span><span lang="EN-US" style="line-height: 20pt; text-indent: 24pt; font-size: 12pt">12</span><span style="line-height: 20pt; text-indent: 24pt; font-family: 宋体; font-size: 12pt">个月宝宝的营养需求，以秦岭北麓高山天然牧养的莎能奶山羊的鲜奶为奶源，在</span><span lang="EN-US" style="line-height: 20pt; text-indent: 24pt; font-size: 12pt">100%</span><span style="line-height: 20pt; text-indent: 24pt; font-family: 宋体; font-size: 12pt">纯鲜奶中添加了牛磺酸、胆碱、</span><span lang="EN-US" style="line-height: 20pt; text-indent: 24pt; font-size: 12pt">DHA</span><span style="line-height: 20pt; text-indent: 24pt; font-family: 宋体; font-size: 12pt">（又名脑黄金）、</span><span lang="EN-US" style="line-height: 20pt; text-indent: 24pt; font-size: 12pt">ARA</span><span style="line-height: 20pt; text-indent: 24pt; font-family: 宋体; font-size: 12pt">、核苷酸、复合益生元，可提高宝宝对钙的吸收和促进大脑发育、对神经传导和视觉机能的完善有良好的作用，有利于宝宝肠道有益菌群生长，促进细胞免疫活力，增强肌体抗病能力。</span></p>
<p class="MsoNormal" style="line-height: 20pt; text-indent: 24pt; mso-char-indent-count: 2.0; mso-line-height-rule: exactly"><span lang="EN-US" style="font-size: 12pt"><o:p></o:p></span></p>', '900克/罐 6罐/件 5400克/件', 1, null, 122, 'img/product/1387924315560.jpg', '2019-01-11 17:00:00');
INSERT INTO EShopdb.tb_product (product_id, product_type_id, product_name, old_product_price, new_product_price, product_spec, product_size, product_flag, product_broad, product_stock, product_pic, product_remain_time) VALUES (3, 6, '小羊倌2段幼儿配方奶粉', null, 318, '<p><span style="font-size: 12pt">本品根据</span><span style="font-size: 12pt">1</span><span style="font-size: 12pt">&mdash;</span><span style="font-size: 12pt">3</span><span style="font-size: 12pt">岁宝宝的营养需求，以秦岭北麓高山天然牧养的莎能奶山羊的鲜奶为奶源，在</span><span style="font-size: 12pt">100%</span><span style="font-size: 12pt">纯鲜奶中添加了牛磺酸、胆碱、</span><span style="font-size: 12pt">DHA</span><span style="font-size: 12pt">（又名脑黄金）、</span><span style="font-size: 12pt">ARA</span><span style="font-size: 12pt">、核苷酸、复合益生元，可提高宝宝对钙的吸收和促进大脑发育、对神经传导和视觉机能的完善有良好的作用，有利于宝宝肠道有益菌群生长，促进细胞免疫活力，增强肌体抗病能力。</span></p>', '900克/罐 6罐/件 5400克/件', 3, null, 123, 'img/product/1387929885864.jpg', '2019-01-11 17:00:00');
INSERT INTO EShopdb.tb_product (product_id, product_type_id, product_name, old_product_price, new_product_price, product_spec, product_size, product_flag, product_broad, product_stock, product_pic, product_remain_time) VALUES (4, 1, '小羊倌少儿助长羊奶粉', null, 88, '<p><span style="font-size: 12pt">&nbsp;&nbsp;&nbsp;&nbsp;&nbsp;&nbsp;&nbsp; 本品是依照联合国粮农组织推荐的&ldquo;每日膳食中营养供应量要求&rdquo;，以秦岭北麓高山野生放养莎能奶山羊鲜奶为奶源。在100%纯鲜奶中特别添加一定量的DHA、ARA、牛磺酸、复合维生素、微量元素，达到少儿智力及生长发育的要求。</span></p>', '400克/袋 20袋/件 8000克/件', 1, null, 123, 'img/product/1387929990977.jpg', '2019-01-11 17:00:00');
INSERT INTO EShopdb.tb_product (product_id, product_type_id, product_name, old_product_price, new_product_price, product_spec, product_size, product_flag, product_broad, product_stock, product_pic, product_remain_time) VALUES (5, 1, '小羊倌少儿助长羊奶粉', null, 168, '<p><span style="font-size: 12pt">&nbsp;&nbsp;&nbsp;&nbsp;&nbsp;&nbsp;&nbsp; 本品是依照联合国粮农组织推荐的&ldquo;每日膳食中营养供应量要求&rdquo;，以秦岭北麓高山野生放养莎能奶山羊鲜奶为奶源。在100%纯鲜奶中特别添加一定量的DHA、ARA、牛磺酸、复合维生素、微量元素，达到少儿智力及生长发育的要求。</span></p>', '600克/罐 12罐/件7200克/件', 1, null, 123, 'img/product/1387930089083.jpg', '2019-01-11 17:00:00');
INSERT INTO EShopdb.tb_product (product_id, product_type_id, product_name, old_product_price, new_product_price, product_spec, product_size, product_flag, product_broad, product_stock, product_pic, product_remain_time) VALUES (6, 2, '女士低脂羊奶粉', null, 88, '<p><span style="font-size: 12pt">&nbsp;&nbsp;&nbsp;&nbsp;&nbsp;&nbsp;&nbsp; 本品根据女性生理特点及营养需要，以秦岭北麓高山野生放养莎能奶山羊鲜奶为奶源，在100%纯鲜羊奶中添加了低聚果糖、胶原蛋白、叶酸、复合维生素和人体必需的钙、铁、锌、硒，经先进工艺、技术精制而成。具有蛋白质含量丰富，不含蔗糖，脂肪含量低，粉粒松散，易冲调，易消化吸收之特点。</span></p>', '400克/袋 20袋/件 8000克/件', 2, null, 123, 'img/product/1387930165957.jpg', '2019-01-11 17:00:00');
INSERT INTO EShopdb.tb_product (product_id, product_type_id, product_name, old_product_price, new_product_price, product_spec, product_size, product_flag, product_broad, product_stock, product_pic, product_remain_time) VALUES (7, 2, '小羊倌女士低脂羊奶粉', null, 168, '<p><span style="font-size: 12pt">&nbsp;&nbsp;&nbsp;&nbsp;&nbsp;&nbsp; 本品根据女性生理特点及营养需要，以秦岭北麓高山野生放养莎能奶山羊鲜奶为奶源，在100%纯鲜羊奶中添加了低聚果糖、胶原蛋白、叶酸、复合维生素和人体必需的钙、铁、锌、硒，经先进工艺、技术精制而成。具有蛋白质含量丰富，不含蔗糖，脂肪含量低，粉粒松散，易冲调，易消化吸收之特点。</span></p>', '600克/罐 12罐/件 7200克/件', 0, null, 123, 'img/product/1387930247089.jpg', '2019-01-11 17:00:00');
INSERT INTO EShopdb.tb_product (product_id, product_type_id, product_name, old_product_price, new_product_price, product_spec, product_size, product_flag, product_broad, product_stock, product_pic, product_remain_time) VALUES (8, 4, '小羊倌全脂纯羊奶粉', null, 88, '<p><span style="font-size: 12pt">&nbsp;&nbsp;&nbsp;&nbsp;&nbsp;&nbsp;&nbsp; 本品采用秦岭北麓高山野生放养莎能奶山羊的鲜羊奶，经先进技术工艺精制而成，保持了天然山羊奶独特的营养成份，具有滋气味纯正、奶味浓香、粉粒大、松散、易冲调之特点；且维生素、尼克酸、钙、铁、锌含量丰富，脂肪球小、碳链短、不饱和脂肪酸含量高，在胃内凝块细软，易消化吸收，长期食用有益健康。</span></p>
<p><span style="font-size: 12pt">&nbsp;&nbsp;&nbsp;&nbsp;&nbsp;&nbsp;&nbsp; 适合各年龄段人群饮用。</span></p>', '400克/袋 20袋/件 8000克/件', 1, null, 123, 'img/product/1387930528693.jpg', '2019-01-11 17:00:00');
INSERT INTO EShopdb.tb_product (product_id, product_type_id, product_name, old_product_price, new_product_price, product_spec, product_size, product_flag, product_broad, product_stock, product_pic, product_remain_time) VALUES (9, 4, '小羊倌全脂纯羊奶粉', null, 168, '<p><span style="font-size: 12pt">&nbsp;&nbsp;&nbsp;&nbsp;&nbsp;&nbsp;&nbsp; 本品采用秦岭北麓高山野生放养莎能奶山羊的鲜羊奶，经先进技术工艺精制而成，保持了天然山羊奶独特的营养成份，具有滋气味纯正、奶味浓香、粉粒大、松散、易冲调之特点；且维生素、尼克酸、钙、铁、锌含量丰富，脂肪球小、碳链短、不饱和脂肪酸含量高，在胃内凝块细软，易消化吸收，长期食用有益健康。</span></p>
<div style="line-height: 18pt"><span style="font-size: 12pt">适合各年龄段人群饮用。</span></div>', '600克/罐 12罐/件 7200克/件', 1, null, 123, 'img/product/1387930621051.jpg', '2019-01-11 17:00:00');
INSERT INTO EShopdb.tb_product (product_id, product_type_id, product_name, old_product_price, new_product_price, product_spec, product_size, product_flag, product_broad, product_stock, product_pic, product_remain_time) VALUES (10, 4, '小羊倌全脂加糖羊奶粉', null, 86, '<p><span style="font-size: 12pt">&nbsp;&nbsp;&nbsp;&nbsp;&nbsp;&nbsp;&nbsp; 本品采用秦岭北麓高山野生放养莎能奶山羊的鲜羊奶，经先进技术工艺精制而成，保持了天然山羊奶独特的营养成份，具有滋气味纯正、奶味浓香、粉粒大、松散、易冲调之特点；且维生素、尼克酸、钙、铁、锌含量丰富，脂肪球小、碳链短、不饱和脂肪酸含量高，在胃内凝块细软，易消化吸收，长期食用有益健康。</span></p>
<p><span style="font-size: 12pt">&nbsp;&nbsp;&nbsp;&nbsp;&nbsp;&nbsp; 适合各年龄段人群饮用。</span></p>', '400克/袋 20袋/件 8000克/件', 1, null, 123, 'img/product/1387930753275.jpg', '2019-01-11 17:00:00');
INSERT INTO EShopdb.tb_product (product_id, product_type_id, product_name, old_product_price, new_product_price, product_spec, product_size, product_flag, product_broad, product_stock, product_pic, product_remain_time) VALUES (12, 3, '小羊倌中老年羊奶粉', null, 88, '<p><span style="font-size: 12pt">&nbsp;&nbsp;&nbsp;&nbsp;&nbsp;&nbsp;&nbsp; 本品根据中老年人身体营养补充需要，以秦岭北麓高山野生放养莎能奶山羊鲜奶为奶源，在100%纯鲜羊奶中添加了一定量的膳食纤维、磷脂、复合维生素、微量元素和矿物质，采用先进技术工艺精制而成。具有营养丰富，易冲调，易消化吸收之特点，是不宜食用蔗糖的中老年人群的营养佳品。</span></p>', '400克/袋 20袋/件 8000克/件', 1, null, 123, 'img/product/1387930983845.jpg', '2019-01-11 17:00:00');
INSERT INTO EShopdb.tb_product (product_id, product_type_id, product_name, old_product_price, new_product_price, product_spec, product_size, product_flag, product_broad, product_stock, product_pic, product_remain_time) VALUES (13, 3, '小羊倌中老年羊奶粉', null, 168, '<p><span style="font-size: 12pt">&nbsp;&nbsp;&nbsp;&nbsp;&nbsp;&nbsp;&nbsp; 本品根据中老年人身体营养补充需要，以秦岭北麓高山野生放养莎能奶山羊鲜奶为奶源，在100%纯鲜羊奶中添加了一定量的膳食纤维、磷脂、复合维生素、微量元素和矿物质，采用先进技术工艺精制而成。具有营养丰富，易冲调，易消化吸收之特点，是不宜食用蔗糖的中老年人群的营养佳品。</span></p>', '600克/罐 12罐/件 7200克/件', 3, null, 123, 'img/product/1387930983845.jpg', '2019-01-11 17:00:00');
INSERT INTO EShopdb.tb_product (product_id, product_type_id, product_name, old_product_price, new_product_price, product_spec, product_size, product_flag, product_broad, product_stock, product_pic, product_remain_time) VALUES (14, 2, '小羊倌孕妇羊奶粉', null, 168, '<p><span style="font-size: 12pt">&nbsp;&nbsp;&nbsp;&nbsp;&nbsp;&nbsp; 本品采用天然牧养的莎能奶山羊的生羊乳为奶源，依照孕产妇的特殊营养需求，特别添加了低聚果糖、DHA（脑黄金）、叶酸、碳酸钙、维生素等营养元素。羊奶中有丰富的上皮细胞生长因子（EGF），可以修复表皮细胞，阻碍黑色素形成，对肌肤的滋润平滑起到很好的修复作用，对色斑的形成有预防作用。因此，怀孕后每天坚持喝一杯羊奶的孕妇妊娠斑比不喝羊奶的发生率低，色斑也比较少且颜色浅。其中配方羊奶粉含有大量的烟酸、牛磺酸、烟酸参与催乳素的生成，牛磺酸刺激人体乳腺组织，产后多喝羊奶对产妇有良好的催奶作用。</span></p>', '600克/罐 12罐/件 7200克/件', 0, null, 123, 'img/product/1387931161425.jpg', '2019-01-11 17:00:00');
INSERT INTO EShopdb.tb_product (product_id, product_type_id, product_name, old_product_price, new_product_price, product_spec, product_size, product_flag, product_broad, product_stock, product_pic, product_remain_time) VALUES (15, 5, '小羊倌无蔗糖奶片', null, 30, '<p><span style="background: white; color: black; font-size: 12pt">&nbsp;&nbsp;&nbsp;&nbsp;&nbsp;&nbsp; 无糖奶片以山羊奶粉、乳清粉、禾甜糖为原料压制而成，其蛋白质含量高、营养丰富、脂肪球小、易消化吸收，且添加的禾甜糖是益生保健糖，在提供优美甜味的同时，还为人们提供</span><span style="background: white; color: black; font-size: 12pt">&ldquo;</span><span style="background: white; color: black; font-size: 12pt">益生元</span><span style="background: white; color: black; font-size: 12pt">&rdquo;</span><span style="background: white; color: black; font-size: 12pt">，改善肠道健康，提高免疫力。食用不导致龋齿、不导致发胖、不增高血糖、深受糖尿病患者以及追求健康饮食人群的喜爱。</span></p>', '140克/盒 20盒/件 2800克/件', 1, null, 123, 'img/product/1387931243469.jpg', '2019-01-11 17:00:00');
INSERT INTO EShopdb.tb_product (product_id, product_type_id, product_name, old_product_price, new_product_price, product_spec, product_size, product_flag, product_broad, product_stock, product_pic, product_remain_time) VALUES (16, 5, '小羊倌有糖奶片', null, 25, '<p><span style="background: white; color: #333333; font-size: 12pt">&nbsp;&nbsp;&nbsp;&nbsp;&nbsp;&nbsp; 本品是以鲜山羊奶为主要原料，配以适量白砂糖，低聚糖，乳清粉等混合压缩而制成的一种新型片壮乳制品，其蛋白质含量高，脂肪球小，易消化吸收。</span><span style="font-size: 12pt">适合各年龄段人群饮用。</span></p>', '140克/盒 20盒/件 2800克/件', 1, null, 123, 'img/product/1387931243469.jpg', '2019-01-11 17:00:00');
INSERT INTO EShopdb.tb_product (product_id, product_type_id, product_name, old_product_price, new_product_price, product_spec, product_size, product_flag, product_broad, product_stock, product_pic, product_remain_time) VALUES (17, 1, '小羊倌少儿助长羊奶粉111', null, 168, '<p><span style="font-size: 12pt">&nbsp;&nbsp;&nbsp;&nbsp;&nbsp;&nbsp;&nbsp; 本品是依照联合国粮农组织推荐的&ldquo;每日膳食中营养供应量要求&rdquo;，以秦岭北麓高山野生放养莎能奶山羊鲜奶为奶源。在100%纯鲜奶中特别添加一定量的DHA、ARA、牛磺酸、复合维生素、微量元素，达到少儿智力及生长发育的要求。</span></p>', '600克/罐 12罐/件7200克/件', 2, null, 119, 'img/product/1387930089083.jpg', '2019-01-11 17:00:00');
INSERT INTO EShopdb.tb_product (product_id, product_type_id, product_name, old_product_price, new_product_price, product_spec, product_size, product_flag, product_broad, product_stock, product_pic, product_remain_time) VALUES (18, 7, 'Steam充值卡100美金steam钱包充值码发截图实体卡保证正品', 0, 530, 'Steam充值卡100美金steam钱包充值码发截图实体卡保证正品', '充值卡', 0, null, 104, 'img/product/121.jpg', '2019-01-11 17:00:00');
INSERT INTO EShopdb.tb_product (product_id, product_type_id, product_name, old_product_price, new_product_price, product_spec, product_size, product_flag, product_broad, product_stock, product_pic, product_remain_time) VALUES (19, 7, '彩虹六6号围攻 标准黄金季票 PC正版Steam 第四年季票 黄金联赛', 0, 380, '最低配置: 

操作系统:Windows 7, Windows 8.1, Windows 10 (64bit versions required)

处理器:Intel Core i3 560 @ 3.3 GHz or AMD Phenom II X4 945 @ 3.0 GHz

内存:6 GB RAM

图形:NVIDIA GeForce GTX 460 or AMD Radeon HD 5870 (DirectX-11 compliant with 1GB of VRAM)

网络:宽带互联网连接

存储空间:需要 30 GB 可用空间

声卡:DirectX® 9.0c compatible sound card with latest drivers', 'cdkey', 2, null, 123, 'img/product/131.jpg', '2019-01-11 17:00:00');
INSERT INTO EShopdb.tb_product (product_id, product_type_id, product_name, old_product_price, new_product_price, product_spec, product_size, product_flag, product_broad, product_stock, product_pic, product_remain_time) VALUES (20, 7, 'steam游戏 csgo 反恐精英 全球攻势 CSGO steam cs go PC中文正版', 0, 55, '《Counter-Strike: Global Offensive》 
简称：CS GO

激活前请先移除免费的国服,否则出现国际服找不到或者移除后果自负

CS:GO 本店所有版本为 Prime Status Upgrade 白金版 

激活后得到优先状态玩家将与其他优先状态玩家进行匹配，并有资格获得优先状态玩家专属纪念品、物品掉落和武器箱', 'cdkey', 2, null, 1231, 'img/product/141.jpg', '2019-01-11 17:00:00');
INSERT INTO EShopdb.tb_product (product_id, product_type_id, product_name, old_product_price, new_product_price, product_spec, product_size, product_flag, product_broad, product_stock, product_pic, product_remain_time) VALUES (21, 8, 'PC中文正版Origin战地1 Battlefield 1 标准/革命版bf1高级通行证', 0, 188, '獲得所有額外內容。
全面戰爭已經爆發，您最好重装上陣。獲取
《BattlefieldM1革命》， 遊玩所有高級通行證內容以及
更多內容。', 'cdkey', 2, null, 123089, 'img/product/151.jpg', '2019-01-11 17:00:00');
INSERT INTO EShopdb.tb_product (product_id, product_type_id, product_name, old_product_price, new_product_price, product_spec, product_size, product_flag, product_broad, product_stock, product_pic, product_remain_time) VALUES (22, 9, '12期免息【送1年延保】Apple/苹果 iPhone XR 4G智能手机苹果xr全面屏手机A2108', 0, 7899, '产品参数：
证书编号：2018011606102550证书状态：有效产品名称：TD-LTE 数字移动电话机3C规格型号：A2108(电源适配器可选：A1443 输出：5.0VDC 1A)产品名称：Apple/苹果 iPhone XR存储容量: 64GB 128GB 256GBApple型号: iPhone XRCPU型号: 以官网信息为准机身颜色: 红色 珊瑚色 白色 黑色 蓝色网络模式: 以官网信息为准运行内存RAM: 以官网信息为准', '手机', 2, null, 238, 'img/product/161.jpg', '2019-01-11 17:00:00');
INSERT INTO EShopdb.tb_product (product_id, product_type_id, product_name, old_product_price, new_product_price, product_spec, product_size, product_flag, product_broad, product_stock, product_pic, product_remain_time) VALUES (23, 10, 'Xiaomi/小米 笔记本Pro 15.6英寸轻薄便携学生游戏电脑笔记本官方旗舰店正品独显超薄', 0, 5599, '品牌名称：Xiaomi/小米
更多参数产品参数：
证书编号：2016010902866712证书状态：有效产品名称：便携式计算机3C规格型号：1613xx-xx (其中”x”=0-9, A-Z, a-z, -, _, \\, /或空白,代表不同...产品名称：Xiaomi/小米 笔记本Pro 1...品牌: Xiaomi/小米型号: 15.6英寸内存容量: 8GB机械硬盘容量: 0CPU: 英特尔 酷睿 i5-8250U屏幕尺寸: 15.6英寸显存容量: 2G显卡类型: NVIDIA GeForce MX150', '电脑', 2, null, 120, 'img/product/171.jpg', null);
INSERT INTO EShopdb.tb_product_pic (product_pic_id, product_id, product_pic) VALUES (1, 1, 'img/product/1387931243470.jpg');
INSERT INTO EShopdb.tb_product_pic (product_pic_id, product_id, product_pic) VALUES (2, 1, 'img/product/1387924315560.jpg');
INSERT INTO EShopdb.tb_product_pic (product_pic_id, product_id, product_pic) VALUES (3, 1, 'img/product/1387929885864.jpg');
INSERT INTO EShopdb.tb_product_pic (product_pic_id, product_id, product_pic) VALUES (4, 1, 'img/product/1387929990977.jpg');
INSERT INTO EShopdb.tb_product_pic (product_pic_id, product_id, product_pic) VALUES (5, 1, 'img/product/1387930089083.jpg');
INSERT INTO EShopdb.tb_product_pic (product_pic_id, product_id, product_pic) VALUES (6, 18, 'img/product/121.jpg');
INSERT INTO EShopdb.tb_product_pic (product_pic_id, product_id, product_pic) VALUES (7, 18, 'img/product/122.jpg');
INSERT INTO EShopdb.tb_product_pic (product_pic_id, product_id, product_pic) VALUES (8, 18, 'img/product/123.jpg');
INSERT INTO EShopdb.tb_product_pic (product_pic_id, product_id, product_pic) VALUES (9, 18, 'img/product/124.jpg');
INSERT INTO EShopdb.tb_product_pic (product_pic_id, product_id, product_pic) VALUES (10, 19, 'img/product/131.jpg');
INSERT INTO EShopdb.tb_product_pic (product_pic_id, product_id, product_pic) VALUES (11, 19, 'img/product/132.jpg');
INSERT INTO EShopdb.tb_product_pic (product_pic_id, product_id, product_pic) VALUES (12, 20, 'img/product/141.jpg');
INSERT INTO EShopdb.tb_product_pic (product_pic_id, product_id, product_pic) VALUES (13, 20, 'img/product/142.jpg');
INSERT INTO EShopdb.tb_product_pic (product_pic_id, product_id, product_pic) VALUES (14, 20, 'img/product/143.jpg');
INSERT INTO EShopdb.tb_product_pic (product_pic_id, product_id, product_pic) VALUES (15, 20, 'img/product/144.jpg');
INSERT INTO EShopdb.tb_product_pic (product_pic_id, product_id, product_pic) VALUES (16, 21, 'img/product/151.jpg');
INSERT INTO EShopdb.tb_product_pic (product_pic_id, product_id, product_pic) VALUES (19, 21, 'img/product/152.jpg');
INSERT INTO EShopdb.tb_product_pic (product_pic_id, product_id, product_pic) VALUES (21, 21, 'img/product/153.jpg');
INSERT INTO EShopdb.tb_product_pic (product_pic_id, product_id, product_pic) VALUES (22, 21, 'img/product/154.jpg');
INSERT INTO EShopdb.tb_product_pic (product_pic_id, product_id, product_pic) VALUES (23, 21, 'img/product/155.jpg');
INSERT INTO EShopdb.tb_product_pic (product_pic_id, product_id, product_pic) VALUES (24, 22, 'img/product/161.jpg');
INSERT INTO EShopdb.tb_product_pic (product_pic_id, product_id, product_pic) VALUES (25, 22, 'img/product/162.jpg');
INSERT INTO EShopdb.tb_product_pic (product_pic_id, product_id, product_pic) VALUES (26, 22, 'img/product/163.jpg');
INSERT INTO EShopdb.tb_product_pic (product_pic_id, product_id, product_pic) VALUES (27, 22, 'img/product/164.jpg');
INSERT INTO EShopdb.tb_product_pic (product_pic_id, product_id, product_pic) VALUES (28, 22, 'img/product/165.jpg');
INSERT INTO EShopdb.tb_product_pic (product_pic_id, product_id, product_pic) VALUES (29, 22, 'img/product/166.jpg');
INSERT INTO EShopdb.tb_product_pic (product_pic_id, product_id, product_pic) VALUES (30, 23, 'img/product/171.jpg');
INSERT INTO EShopdb.tb_product_pic (product_pic_id, product_id, product_pic) VALUES (34, 23, 'img/product/172.jpg');
INSERT INTO EShopdb.tb_product_pic (product_pic_id, product_id, product_pic) VALUES (35, 23, 'img/product/173.jpg');
INSERT INTO EShopdb.tb_product_pic (product_pic_id, product_id, product_pic) VALUES (36, 23, 'img/product/174.jpg');
INSERT INTO EShopdb.tb_product_pic (product_pic_id, product_id, product_pic) VALUES (37, 23, 'img/product/175.jpg');
INSERT INTO EShopdb.tb_product_pic (product_pic_id, product_id, product_pic) VALUES (38, 23, 'img/product/176.jpg');
INSERT INTO EShopdb.tb_product_type (product_type_id, product_type_name, description, product_type_pic) VALUES (0, '123', '123', '123');
INSERT INTO EShopdb.tb_product_type (product_type_id, product_type_name, description, product_type_pic) VALUES (1, '少儿助长羊奶粉', null, 'img/type/4.jpg');
INSERT INTO EShopdb.tb_product_type (product_type_id, product_type_name, description, product_type_pic) VALUES (2, '女士羊奶粉', null, 'img/type/5.jpg');
INSERT INTO EShopdb.tb_product_type (product_type_id, product_type_name, description, product_type_pic) VALUES (3, '中老年羊奶粉', null, 'img/type/6.jpg');
INSERT INTO EShopdb.tb_product_type (product_type_id, product_type_name, description, product_type_pic) VALUES (4, '全脂羊奶粉', null, 'img/type/7.jpg');
INSERT INTO EShopdb.tb_product_type (product_type_id, product_type_name, description, product_type_pic) VALUES (5, '奶片', null, 'img/type/8.jpg');
INSERT INTO EShopdb.tb_product_type (product_type_id, product_type_name, description, product_type_pic) VALUES (6, '婴幼儿羊奶粉', null, 'img/type/3.jpg');
INSERT INTO EShopdb.tb_product_type (product_type_id, product_type_name, description, product_type_pic) VALUES (7, 'steam', 'sbeam大型同性交友游玩网站', 'img/type/1.png');
INSERT INTO EShopdb.tb_product_type (product_type_id, product_type_name, description, product_type_pic) VALUES (8, 'orgin', '烂橘子', 'img/type/2.png');
INSERT INTO EShopdb.tb_product_type (product_type_id, product_type_name, description, product_type_pic) VALUES (9, '手机', '热卖手机', 'img/type/9.png');
INSERT INTO EShopdb.tb_product_type (product_type_id, product_type_name, description, product_type_pic) VALUES (10, '电脑', '电脑', 'img/type/10.png');
INSERT INTO EShopdb.tb_shopping_cart (shopping_cart_id, user_id, order_id) VALUES (93, 1, 111);
INSERT INTO EShopdb.tb_shopping_cart (shopping_cart_id, user_id, order_id) VALUES (96, 1, 114);
INSERT INTO EShopdb.tb_user (user_id, user_name, user_nike, user_password, user_email, user_phone, user_money, user_head_icon, user_default_address_id) VALUES (1, 'admin', '中国', 'admin', '123456@qq.com', '3233333332', 1440, '1', 1);
INSERT INTO EShopdb.tb_user (user_id, user_name, user_nike, user_password, user_email, user_phone, user_money, user_head_icon, user_default_address_id) VALUES (5, 'admin', 'admin', '123456', null, null, 0, null, null);
INSERT INTO EShopdb.tb_user (user_id, user_name, user_nike, user_password, user_email, user_phone, user_money, user_head_icon, user_default_address_id) VALUES (6, '123456', '123', '123456', null, null, 123456, null, null);
INSERT INTO EShopdb.tb_user (user_id, user_name, user_nike, user_password, user_email, user_phone, user_money, user_head_icon, user_default_address_id) VALUES (7, '123', '123', '123456', null, null, 0, null, null);
INSERT INTO EShopdb.tb_user (user_id, user_name, user_nike, user_password, user_email, user_phone, user_money, user_head_icon, user_default_address_id) VALUES (8, 'name', 'namenike', '123459', null, null, 0, null, null);